ModelID,NADH_Oxidation_Capacity,Biomass_Rate,NADH_Efficiency,Fold_Change
NSD,79.367722480948,1.15441990049327,68.7511731624129,1
HSD,58.0072972031146,0.700537963635838,82.8039309990468,0.730867604485427
