Row,Boundary_Condition,Abs_Upper_Pct,Abs_Lower_Pct,Rel_Upper_Pct,Rel_Lower_Pct
NSD_±1000,1000,2.25585379782981,1.02798400913764,0.742432895488292,0.342661336379212
HSD_±1000,1000,2.05596801827527,0.885208452312964,0.542547115933752,0.171330668189606
NSD_±10000,10000,2.37007424328955,1.11364934323244,0.542547115933752,0.285551113649343
HSD_±10000,10000,2.28440890919475,1.0850942318675,0.542547115933752,0.228440890919475
NSD_±50000,50000,2.02741290691034,1.05653912050257,0.571102227298686,0.314106225014278
HSD_±50000,50000,2.02741290691034,0.885208452312964,0.571102227298686,0.256996002284409
